Workbook

Sheet Choix de la recettes
B2: Ingrédients | C2: Recettes liés
B3: Homard | C3: =IFERROR(__xludf.DUMMYFUNCTION("FILTER( Recettes!$A$11:$A$85, IF(OR(B3="""", B3=""-""), TRUE, MMULT(--ISNUMBER(SEARCH(B3, Recettes!B11:L85)), TRANSPOSE(COLUMN(Recettes!B11:L11)^0)) > 0 ) * IF(OR(B7="""", B7=""-""), TRUE, MMULT(--ISNUMBER(SEARCH(B7, Recettes!B11:L85)), "&"TRANSPOSE(COLUMN(Recettes!B11:L11)^0)) > 0 ) ) "),"Homard rôti au beurre") -> Homard rôti au beurre | H3: <= Si tu rajoutes des recettes, il faut que tu modifies cette ligne (uniquement)
C4: =IFERROR(__xludf.DUMMYFUNCTION("""COMPUTED_VALUE"""),"Risotto au Homard") -> Risotto au Homard | H4: Recettes!$A$10:$A$80 //// Recettes!B10:L80 <=== Tu as juste a modifier le nombre en GRAS
H5: qui correspond a la ligne de la derniere recette dans l'onglet Recettes.
B20: Recettes | D20: Ingrédients | G20: Prix
B22: Cake au saumon | D22: 1 | E22: =VLOOKUP(B22,Recettes!$A$11:$L$85,2,FALSE) -> Saumon | F22: =VLOOKUP(E22,Ingredients!$B$3:$C$44,2,FALSE) -> 5 | G22: =VLOOKUP(B22,Recettes!$A$11:$N$85,14,FALSE) -> 25 | H22: <= Pareil ici pour ce qui concerne les Ingrédients et le Prix c'est la même modification
D23: 2 | E23: =VLOOKUP(B22,Recettes!$A$11:$L$85,4,FALSE) -> Oeuf | F23: =VLOOKUP(E23,Ingredients!$B$3:$C$44,2,FALSE) -> 5 | H23: Recettes!$A$10:$L$80 simplement le nombre en GRAS sur chaque ligne d'ingrédient (1 à 6).
D24: 3 | E24: =VLOOKUP(B22,Recettes!$A$11:$L$85,6,FALSE) -> Farine | F24: =VLOOKUP(E24,Ingredients!$B$3:$C$44,2,FALSE) -> 5 | H24: Recettes!$A$10:$N$80 Pareil pour le prix, simplement le nombre en GRAS.
D25: 4 | E25: =VLOOKUP(B22,Recettes!$A$11:$L$85,8,FALSE) -> Lait | F25: =VLOOKUP(E25,Ingredients!$B$3:$C$44,2,FALSE) -> 5
D26: 5 | E26: =VLOOKUP(B22,Recettes!$A$11:$L$85,10,FALSE) -> Fromage | F26: =VLOOKUP(E26,Ingredients!$B$3:$C$44,2,FALSE) -> 5
D27: 6 | E27: =VLOOKUP(B22,Recettes!$A$11:$L$85,12,FALSE) -> - | F27: =VLOOKUP(E27,Ingredients!$B$3:$C$44,2,FALSE) -> 0

Sheet Choix des recettes multiple
B2: Recettes | D2: Ingrédients | G2: Prix | I2: Recettes | K2: Ingrédients | N2: Prix
B4: Bucket de poulet | D4: 1 | E4: =VLOOKUP(B4,Recettes!$A$11:$L$85,2,FALSE) -> Cuisse de volaille | F4: =VLOOKUP(E4,Ingredients!$B$3:$C$44,2,FALSE) -> 8 | G4: =VLOOKUP(B4,Recettes!$A$11:$N$85,14,FALSE) -> 23 | I4: 3x Limonades | K4: 1 | L4: =VLOOKUP(I4,Recettes!$A$11:$L$84,2,FALSE) -> Eau | M4: =VLOOKUP(L4,Ingredients!$B$3:$C$44,2,FALSE) -> 3 | N4: =VLOOKUP(I4,Recettes!$A$11:$N$84,14,FALSE) -> 15
D5: 2 | E5: =VLOOKUP(B4,Recettes!$A$11:$L$85,4,FALSE) -> Farine | F5: =VLOOKUP(E5,Ingredients!$B$3:$C$44,2,FALSE) -> 5 | K5: 2 | L5: =VLOOKUP(I4,Recettes!$A$11:$L$84,4,FALSE) -> Citron | M5: =VLOOKUP(L5,Ingredients!$B$3:$C$44,2,FALSE) -> 5
D6: 3 | E6: =VLOOKUP(B4,Recettes!$A$11:$L$85,6,FALSE) -> Lait | F6: =VLOOKUP(E6,Ingredients!$B$3:$C$44,2,FALSE) -> 5 | K6: 3 | L6: =VLOOKUP(I4,Recettes!$A$11:$L$84,6,FALSE) -> Sucre | M6: =VLOOKUP(L6,Ingredients!$B$3:$C$44,2,FALSE) -> 7
D7: 4 | E7: =VLOOKUP(B4,Recettes!$A$11:$L$85,8,FALSE) -> Oeuf | F7: =VLOOKUP(E7,Ingredients!$B$3:$C$44,2,FALSE) -> 5 | K7: 4 | L7: =VLOOKUP(I4,Recettes!$A$11:$L$84,8,FALSE) -> - | M7: =VLOOKUP(L7,Ingredients!$B$3:$C$44,2,FALSE) -> 0
D8: 5 | E8: =VLOOKUP(B4,Recettes!$A$11:$L$85,10,FALSE) -> - | F8: =VLOOKUP(E8,Ingredients!$B$3:$C$44,2,FALSE) -> 0 | K8: 5 | L8: =VLOOKUP(I4,Recettes!$A$11:$L$84,10,FALSE) -> - | M8: =VLOOKUP(L8,Ingredients!$B$3:$C$44,2,FALSE) -> 0
D9: 6 | E9: =VLOOKUP(B4,Recettes!$A$11:$L$85,12,FALSE) -> - | F9: =VLOOKUP(E9,Ingredients!$B$3:$C$44,2,FALSE) -> 0 | K9: 6 | L9: =VLOOKUP(I4,Recettes!$A$11:$L$84,12,FALSE) -> - | M9: =VLOOKUP(L9,Ingredients!$B$3:$C$44,2,FALSE) -> 0
B10: Recettes | D10: Ingrédients | G10: Prix | I10: Recettes | K10: Ingrédients | N10: Prix
B12: Côtes de porc légumes | D12: 1 | E12: =VLOOKUP(B12,Recettes!$A$11:$L$85,2,FALSE) -> Côte de porc | F12: =VLOOKUP(E12,Ingredients!$B$3:$C$44,2,FALSE) -> 8 | G12: =VLOOKUP(B12,Recettes!$A$11:$N$85,14,FALSE) -> 18 | I12: Poulet Basquaise | K12: 1 | L12: =VLOOKUP(I12,Recettes!$A$11:$L$84,2,FALSE) -> Cuisse de volaille | M12: =VLOOKUP(L12,Ingredients!$B$3:$C$44,2,FALSE) -> 8 | N12: =VLOOKUP(I12,Recettes!$A$11:$N$84,14,FALSE) -> 18
D13: 2 | E13: =VLOOKUP(B12,Recettes!$A$11:$L$85,4,FALSE) -> Haricot | F13: =VLOOKUP(E13,Ingredients!$B$3:$C$44,2,FALSE) -> 5 | K13: 2 | L13: =VLOOKUP(I12,Recettes!$A$11:$L$84,4,FALSE) -> Riz | M13: =VLOOKUP(L13,Ingredients!$B$3:$C$44,2,FALSE) -> 5
D14: 3 | E14: =VLOOKUP(B12,Recettes!$A$11:$L$85,6,FALSE) -> Pomme de Terre | F14: =VLOOKUP(E14,Ingredients!$B$3:$C$44,2,FALSE) -> 5 | K14: 3 | L14: =VLOOKUP(I12,Recettes!$A$11:$L$84,6,FALSE) -> Tomate | M14: =VLOOKUP(L14,Ingredients!$B$3:$C$44,2,FALSE) -> 5
D15: 4 | E15: =VLOOKUP(B12,Recettes!$A$11:$L$85,8,FALSE) -> - | F15: =VLOOKUP(E15,Ingredients!$B$3:$C$44,2,FALSE) -> 0 | K15: 4 | L15: =VLOOKUP(I12,Recettes!$A$11:$L$84,8,FALSE) -> - | M15: =VLOOKUP(L15,Ingredients!$B$3:$C$44,2,FALSE) -> 0
D16: 5 | E16: =VLOOKUP(B12,Recettes!$A$11:$L$85,10,FALSE) -> - | F16: =VLOOKUP(E16,Ingredients!$B$3:$C$44,2,FALSE) -> 0 | K16: 5 | L16: =VLOOKUP(I12,Recettes!$A$11:$L$84,10,FALSE) -> - | M16: =VLOOKUP(L16,Ingredients!$B$3:$C$44,2,FALSE) -> 0
D17: 6 | E17: =VLOOKUP(B12,Recettes!$A$11:$L$85,12,FALSE) -> - | F17: =VLOOKUP(E17,Ingredients!$B$3:$C$44,2,FALSE) -> 0 | K17: 6 | L17: =VLOOKUP(I12,Recettes!$A$11:$L$84,12,FALSE) -> - | M17: =VLOOKUP(L17,Ingredients!$B$3:$C$44,2,FALSE) -> 0
B18: Recettes | D18: Ingrédients | G18: Prix | I18: Recettes | K18: Ingrédients | N18: Prix
B20: Hachis Parmentier | D20: 1 | E20: =VLOOKUP(B20,Recettes!$A$11:$L$85,2,FALSE) -> Pomme de Terre | F20: =VLOOKUP(E20,Ingredients!$B$3:$C$44,2,FALSE) -> 5 | G20: =VLOOKUP(B20,Recettes!$A$11:$N$85,14,FALSE) -> 18 | I20: Poulet au Curry | K20: 1 | L20: =VLOOKUP(I20,Recettes!$A$11:$L$84,2,FALSE) -> Cuisse de volaille | M20: =VLOOKUP(L20,Ingredients!$B$3:$C$44,2,FALSE) -> 8 | N20: =VLOOKUP(I20,Recettes!$A$11:$N$84,14,FALSE) -> 18
D21: 2 | E21: =VLOOKUP(B20,Recettes!$A$11:$L$85,4,FALSE) -> Lait | F21: =VLOOKUP(E21,Ingredients!$B$3:$C$44,2,FALSE) -> 5 | K21: 2 | L21: =VLOOKUP(I20,Recettes!$A$11:$L$84,4,FALSE) -> Riz | M21: =VLOOKUP(L21,Ingredients!$B$3:$C$44,2,FALSE) -> 5
D22: 3 | E22: =VLOOKUP(B20,Recettes!$A$11:$L$85,6,FALSE) -> Steack haché | F22: =VLOOKUP(E22,Ingredients!$B$3:$C$44,2,FALSE) -> 8 | K22: 3 | L22: =VLOOKUP(I20,Recettes!$A$11:$L$84,6,FALSE) -> Lait | M22: =VLOOKUP(L22,Ingredients!$B$3:$C$44,2,FALSE) -> 5
D23: 4 | E23: =VLOOKUP(B20,Recettes!$A$11:$L$85,8,FALSE) -> - | F23: =VLOOKUP(E23,Ingredients!$B$3:$C$44,2,FALSE) -> 0 | K23: 4 | L23: =VLOOKUP(I20,Recettes!$A$11:$L$84,8,FALSE) -> - | M23: =VLOOKUP(L23,Ingredients!$B$3:$C$44,2,FALSE) -> 0
D24: 5 | E24: =VLOOKUP(B20,Recettes!$A$11:$L$85,10,FALSE) -> - | F24: =VLOOKUP(E24,Ingredients!$B$3:$C$44,2,FALSE) -> 0 | K24: 5 | L24: =VLOOKUP(I20,Recettes!$A$11:$L$84,10,FALSE) -> - | M24: =VLOOKUP(L24,Ingredients!$B$3:$C$44,2,FALSE) -> 0
D25: 6 | E25: =VLOOKUP(B20,Recettes!$A$11:$L$85,12,FALSE) -> - | F25: =VLOOKUP(E25,Ingredients!$B$3:$C$44,2,FALSE) -> 0 | K25: 6 | L25: =VLOOKUP(I20,Recettes!$A$11:$L$84,12,FALSE) -> - | M25: =VLOOKUP(L25,Ingredients!$B$3:$C$44,2,FALSE) -> 0
B26: Recettes | D26: Ingrédients | G26: Prix | I26: Recettes | K26: Ingrédients | N26: Prix
B28: Soupe de légumes | D28: 1 | E28: =VLOOKUP(B28,Recettes!$A$11:$L$85,2,FALSE) -> Tomate | F28: =VLOOKUP(E28,Ingredients!$B$3:$C$44,2,FALSE) -> 5 | G28: =VLOOKUP(B28,Recettes!$A$11:$N$85,14,FALSE) -> 15 | I28: Steak Frites | K28: 1 | L28: =VLOOKUP(I28,Recettes!$A$11:$L$84,2,FALSE) -> Steack haché | M28: =VLOOKUP(L28,Ingredients!$B$3:$C$44,2,FALSE) -> 8 | N28: =VLOOKUP(I28,Recettes!$A$11:$N$84,14,FALSE) -> 18
D29: 2 | E29: =VLOOKUP(B28,Recettes!$A$11:$L$85,4,FALSE) -> Haricot | F29: =VLOOKUP(E29,Ingredients!$B$3:$C$44,2,FALSE) -> 5 | K29: 2 | L29: =VLOOKUP(I28,Recettes!$A$11:$L$84,4,FALSE) -> Frite | M29: =VLOOKUP(L29,Ingredients!$B$3:$C$44,2,FALSE) -> 5
D30: 3 | E30: =VLOOKUP(B28,Recettes!$A$11:$L$85,6,FALSE) -> Oignon | F30: =VLOOKUP(E30,Ingredients!$B$3:$C$44,2,FALSE) -> 5 | K30: 3 | L30: =VLOOKUP(I28,Recettes!$A$11:$L$84,6,FALSE) -> Salade | M30: =VLOOKUP(L30,Ingredients!$B$3:$C$44,2,FALSE) -> 5
D31: 4 | E31: =VLOOKUP(B28,Recettes!$A$11:$L$85,8,FALSE) -> - | F31: =VLOOKUP(E31,Ingredients!$B$3:$C$44,2,FALSE) -> 0 | K31: 4 | L31: =VLOOKUP(I28,Recettes!$A$11:$L$84,8,FALSE) -> - | M31: =VLOOKUP(L31,Ingredients!$B$3:$C$44,2,FALSE) -> 0
D32: 5 | E32: =VLOOKUP(B28,Recettes!$A$11:$L$85,10,FALSE) -> - | F32: =VLOOKUP(E32,Ingredients!$B$3:$C$44,2,FALSE) -> 0 | K32: 5 | L32: =VLOOKUP(I28,Recettes!$A$11:$L$84,10,FALSE) -> - | M32: =VLOOKUP(L32,Ingredients!$B$3:$C$44,2,FALSE) -> 0
D33: 6 | E33: =VLOOKUP(B28,Recettes!$A$11:$L$85,12,FALSE) -> - | F33: =VLOOKUP(E33,Ingredients!$B$3:$C$44,2,FALSE) -> 0 | K33: 6 | L33: =VLOOKUP(I28,Recettes!$A$11:$L$84,12,FALSE) -> - | M33: =VLOOKUP(L33,Ingredients!$B$3:$C$44,2,FALSE) -> 0

Sheet Ingredients
B2: Ingrédient: | C2: Prix:
B3: Beurre | C3: 10
B4: Calamar | C4: 5
B5: Chocolat | C5: 11
B6: Citron | C6: 5
B7: Côte de porc | C7: 8
B8: Crabe | C8: 5
B9: Crevette | C9: 5
B10: Cuisse de volaille | C10: 8
B11: Eau | C11: 3
B12: Farine | C12: 5
B13: Fraise | C13: 5
B14: Frite | C14: 5
... B44: - | C44: 0

Sheet Recettes
A2: Si tu rajoutes des ingrédients dans l'onglet "Ingredients", il faudra penser à modifier chaque ligne des colonnes : C / E / G / I / K / M en modifiant ce qui est en GRAS : Ingredients!$B$3:$C$44 <= Correspond au dernier ingrédient de l'onglet Ingredients.
A11: Beignet de calamar | B11: Oeuf | C11: =VLOOKUP(B11,Ingredients!$B$3:$C$44,2,FALSE) -> 5 | D11: Farine | E11: =VLOOKUP(D11,Ingredients!$B$3:$C$44,2,FALSE) -> 5 | F11: Lait | G11: =VLOOKUP(F11,Ingredients!$B$3:$C$44,2,FALSE) -> 5 | H11: Calamar | I11: =VLOOKUP(H11,Ingredients!$B$3:$C$44,2,FALSE) -> 5 | J11: - | K11: =VLOOKUP(J11,Ingredients!$B$3:$C$44,2,FALSE) -> 0 | L11: - | M11: =VLOOKUP(L11,Ingredients!$B$3:$C$44,2,FALSE) -> 0 | N11: =SUM(C11+E11+G11+I11+K11+M11) -> 20
A12: Boîte de nuggets | B12: Cuisse de volaille | C12: =VLOOKUP(B12,Ingredients!$B$3:$C$44,2,FALSE) -> 8 | D12: Farine | E12: =VLOOKUP(D12,Ingredients!$B$3:$C$44,2,FALSE) -> 5 | F12: Oeuf | G12: =VLOOKUP(F12,Ingredients!$B$3:$C$44,2,FALSE) -> 5 | H12: - | I12: =VLOOKUP(H12,Ingredients!$B$3:$C$44,2,FALSE) -> 0 | J12: - | K12: =VLOOKUP(J12,Ingredients!$B$3:$C$44,2,FALSE) -> 0 | L12: - | M12: =VLOOKUP(L12,Ingredients!$B$3:$C$44,2,FALSE) -> 0 | N12: =SUM(C12+E12+G12+I12+K12+M12) -> 18
A13: Brochette de poulet | B13: Cuisse de volaille | C13: =VLOOKUP(B13,Ingredients!$B$3:$C$44,2,FALSE) -> 8 | D13: Oignon | E13: =VLOOKUP(D13,Ingredients!$B$3:$C$44,2,FALSE) -> 5 | F13: Tomate | G13: =VLOOKUP(F13,Ingredients!$B$3:$C$44,2,FALSE) -> 5 | H13: - | I13: =VLOOKUP(H13,Ingredients!$B$3:$C$44,2,FALSE) -> 0 | J13: - | K13: =VLOOKUP(J13,Ingredients!$B$3:$C$44,2,FALSE) -> 0 | L13: - | M13: =VLOOKUP(L13,Ingredients!$B$3:$C$44,2,FALSE) -> 0 | N13: =SUM(C13+E13+G13+I13+K13+M13) -> 18
A14: Bucket de poulet | B14: Cuisse de volaille | C14: =VLOOKUP(B14,Ingredients!$B$3:$C$44,2,FALSE) -> 8 | D14: Farine | E14: =VLOOKUP(D14,Ingredients!$B$3:$C$44,2,FALSE) -> 5 | F14: Lait | G14: =VLOOKUP(F14,Ingredients!$B$3:$C$44,2,FALSE) -> 5 | H14: Oeuf | I14: =VLOOKUP(H14,Ingredients!$B$3:$C$44,2,FALSE) -> 5 | J14: - | K14: =VLOOKUP(J14,Ingredients!$B$3:$C$44,2,FALSE) -> 0 | L14: - | M14: =VLOOKUP(L14,Ingredients!$B$3:$C$44,2,FALSE) -> 0 | N14: =SUM(C14+E14+G14+I14+K14+M14) -> 23
A15: Cake au saumon | B15: Saumon | C15: =VLOOKUP(B15,Ingredients!$B$3:$C$44,2,FALSE) -> 5 | D15: Oeuf | E15: =VLOOKUP(D15,Ingredients!$B$3:$C$44,2,FALSE) -> 5 | F15: Farine | G15: =VLOOKUP(F15,Ingredients!$B$3:$C$44,2,FALSE) -> 5 | H15: Lait | I15: =VLOOKUP(H15,Ingredients!$B$3:$C$44,2,FALSE) -> 5 | J15: Fromage | K15: =VLOOKUP(J15,Ingredients!$B$3:$C$44,2,FALSE) -> 5 | L15: - | M15: =VLOOKUP(L15,Ingredients!$B$3:$C$44,2,FALSE) -> 0 | N15: =SUM(C15+E15+G15+I15+K15+M15) -> 25
A16: Calamar farcie | B16: Calamar | C16: =VLOOKUP(B16,Ingredients!$B$3:$C$44,2,FALSE) -> 5 | D16: Oignon | E16: =VLOOKUP(D16,Ingredients!$B$3:$C$44,2,FALSE) -> 5 | F16: Tomate | G16: =VLOOKUP(F16,Ingredients!$B$3:$C$44,2,FALSE) -> 5 | H16: Oeuf | I16: =VLOOKUP(H16,Ingredients!$B$3:$C$44,2,FALSE) -> 5 | J16: - | K16: =VLOOKUP(J16,Ingredients!$B$3:$C$44,2,FALSE) -> 0 | L16: - | M16: =VLOOKUP(L16,Ingredients!$B$3:$C$44,2,FALSE) -> 0 | N16: =SUM(C16+E16+G16+I16+K16+M16) -> 20
A17: Chocolat Chaud | B17: Lait | C17: =VLOOKUP(B17,Ingredients!$B$3:$C$44,2,FALSE) -> 5 | D17: Chocolat | E17: =VLOOKUP(D17,Ingredients!$B$3:$C$44,2,FALSE) -> 11 | F17: - | G17: =VLOOKUP(F17,Ingredients!$B$3:$C$44,2,FALSE) -> 0 | H17: - | I17: =VLOOKUP(H17,Ingredients!$B$3:$C$44,2,FALSE) -> 0 | J17: - | K17: =VLOOKUP(J17,Ingredients!$B$3:$C$44,2,FALSE) -> 0 | L17: - | M17: =VLOOKUP(L17,Ingredients!$B$3:$C$44,2,FALSE) -> 0 | N17: =SUM(C17+E17+G17+I17+K17+M17) -> 16
A18: Cookies | B18: Chocolat | C18: =VLOOKUP(B18,Ingredients!$B$3:$C$44,2,FALSE) -> 11 | D18: Farine | E18: =VLOOKUP(D18,Ingredients!$B$3:$C$44,2,FALSE) -> 5 | F18: Oeuf | G18: =VLOOKUP(F18,Ingredients!$B$3:$C$44,2,FALSE) -> 5 | H18: - | I18: =VLOOKUP(H18,Ingredients!$B$3:$C$44,2,FALSE) -> 0 | J18: - | K18: =VLOOKUP(J18,Ingredients!$B$3:$C$44,2,FALSE) -> 0 | L18: - | M18: =VLOOKUP(L18,Ingredients!$B$3:$C$44,2,FALSE) -> 0 | N18: =SUM(C18+E18+G18+I18+K18+M18) -> 21
A19: Côtes de porc légumes | B19: Côte de porc | C19: =VLOOKUP(B19,Ingredients!$B$3:$C$44,2,FALSE) -> 8 | D19: Haricot | E19: =VLOOKUP(D19,Ingredients!$B$3:$C$44,2,FALSE) -> 5 | F19: Pomme de Terre | G19: =VLOOKUP(F19,Ingredients!$B$3:$C$44,2,FALSE) -> 5 | H19: - | I19: =VLOOKUP(H19,Ingredients!$B$3:$C$44,2,FALSE) -> 0 | J19: - | K19: =VLOOKUP(J19,Ingredients!$B$3:$C$44,2,FALSE) -> 0 | L19: - | M19: =VLOOKUP(L19,Ingredients!$B$3:$C$44,2,FALSE) -> 0 | N19: =SUM(C19+E19+G19+I19+K19+M19) -> 18
A20: Couscous | B20: Saucisse de porc | C20: =VLOOKUP(B20,Ingredients!$B$3:$C$44,2,FALSE) -> 10 | D20: Tomate | E20: =VLOOKUP(D20,Ingredients!$B$3:$C$44,2,FALSE) -> 5 | F20: Cuisse de volaille | G20: =VLOOKUP(F20,Ingredients!$B$3:$C$44,2,FALSE) -> 8 | H20: Semoule | I20: =VLOOKUP(H20,Ingredients!$B$3:$C$44,2,FALSE) -> 10 | J20: - | K20: =VLOOKUP(J20,Ingredients!$B$3:$C$44,2,FALSE) -> 0 | L20: - | M20: =VLOOKUP(L20,Ingredients!$B$3:$C$44,2,FALSE) -> 0 | N20: =SUM(C20+E20+G20+I20+K20+M20) -> 33
A21: Crêpe | B21: Farine | C21: =VLOOKUP(B21,Ingredients!$B$3:$C$44,2,FALSE) -> 5 | D21: Lait | E21: =VLOOKUP(D21,Ingredients!$B$3:$C$44,2,FALSE) -> 5 | F21: Sucre | G21: =VLOOKUP(F21,Ingredients!$B$3:$C$44,2,FALSE) -> 7 | H21: - | I21: =VLOOKUP(H21,Ingredients!$B$3:$C$44,2,FALSE) -> 0 | J21: - | K21: =VLOOKUP(J21,Ingredients!$B$3:$C$44,2,FALSE) -> 0 | L21: - | M21: =VLOOKUP(L21,Ingredients!$B$3:$C$44,2,FALSE) -> 0 | N21: =SUM(C21+E21+G21+I21+K21+M21) -> 17
A22: Croque-Monsieur | B22: Pain | C22: =VLOOKUP(B22,Ingredients!$B$3:$C$44,2,FALSE) -> 6 | D22: Côte de porc | E22: =VLOOKUP(D22,Ingredients!$B$3:$C$44,2,FALSE) -> 8 | F22: Beurre | G22: =VLOOKUP(F22,Ingredients!$B$3:$C$44,2,FALSE) -> 10 | H22: Fromage | I22: =VLOOKUP(H22,Ingredients!$B$3:$C$44,2,FALSE) -> 5 | J22: - | K22: =VLOOKUP(J22,Ingredients!$B$3:$C$44,2,FALSE) -> 0 | L22: - | M22: =VLOOKUP(L22,Ingredients!$B$3:$C$44,2,FALSE) -> 0 | N22: =SUM(C22+E22+G22+I22+K22+M22) -> 29
... A85: Tartine de confiture de fraise | B85: Pain | C85: =VLOOKUP(B85,Ingredients!$B$3:$C$44,2,FALSE) -> 6 | D85: Beurre | E85: =VLOOKUP(D85,Ingredients!$B$3:$C$44,2,FALSE) -> 10 | F85: Fraise | G85: =VLOOKUP(F85,Ingredients!$B$3:$C$44,2,FALSE) -> 5 | H85: - | I85: =VLOOKUP(H85,Ingredients!$B$3:$C$44,2,FALSE) -> 0 | J85: - | K85: =VLOOKUP(J85,Ingredients!$B$3:$C$44,2,FALSE) -> 0 | L85: - | M85: =VLOOKUP(L85,Ingredients!$B$3:$C$44,2,FALSE) -> 0 | N85: =SUM(C85+E85+G85+I85+K85+M85) -> 21
B86: - | C86: =VLOOKUP(B86,Ingredients!$B$3:$C$44,2,FALSE) -> 0 | D86: - | E86: =VLOOKUP(D86,Ingredients!$B$3:$C$44,2,FALSE) -> 0 | F86: - | G86: =VLOOKUP(F86,Ingredients!$B$3:$C$44,2,FALSE) -> 0 | H86: - | I86: =VLOOKUP(H86,Ingredients!$B$3:$C$44,2,FALSE) -> 0 | J86: - | K86: =VLOOKUP(J86,Ingredients!$B$3:$C$44,2,FALSE) -> 0 | L86: - | M86: =VLOOKUP(L86,Ingredients!$B$3:$C$44,2,FALSE) -> 0 | N86: =SUM(C86+E86+G86+I86+K86+M86) -> 0
B87: - | C87: =VLOOKUP(B87,Ingredients!$B$3:$C$44,2,FALSE) -> 0 | D87: - | E87: =VLOOKUP(D87,Ingredients!$B$3:$C$44,2,FALSE) -> 0 | F87: - | G87: =VLOOKUP(F87,Ingredients!$B$3:$C$44,2,FALSE) -> 0 | H87: - | I87: =VLOOKUP(H87,Ingredients!$B$3:$C$44,2,FALSE) -> 0 | J87: - | K87: =VLOOKUP(J87,Ingredients!$B$3:$C$44,2,FALSE) -> 0 | L87: - | M87: =VLOOKUP(L87,Ingredients!$B$3:$C$44,2,FALSE) -> 0 | N87: =SUM(C87+E87+G87+I87+K87+M87) -> 0
B88: - | C88: =VLOOKUP(B88,Ingredients!$B$3:$C$44,2,FALSE) -> 0 | D88: - | E88: =VLOOKUP(D88,Ingredients!$B$3:$C$44,2,FALSE) -> 0 | F88: - | G88: =VLOOKUP(F88,Ingredients!$B$3:$C$44,2,FALSE) -> 0 | H88: - | I88: =VLOOKUP(H88,Ingredients!$B$3:$C$44,2,FALSE) -> 0 | J88: - | K88: =VLOOKUP(J88,Ingredients!$B$3:$C$44,2,FALSE) -> 0 | L88: - | M88: =VLOOKUP(L88,Ingredients!$B$3:$C$44,2,FALSE) -> 0 | N88: =SUM(C88+E88+G88+I88+K88+M88) -> 0
B89: - | C89: =VLOOKUP(B89,Ingredients!$B$3:$C$44,2,FALSE) -> 0 | D89: - | E89: =VLOOKUP(D89,Ingredients!$B$3:$C$44,2,FALSE) -> 0 | F89: - | G89: =VLOOKUP(F89,Ingredients!$B$3:$C$44,2,FALSE) -> 0 | H89: - | I89: =VLOOKUP(H89,Ingredients!$B$3:$C$44,2,FALSE) -> 0 | J89: - | K89: =VLOOKUP(J89,Ingredients!$B$3:$C$44,2,FALSE) -> 0 | L89: - | M89: =VLOOKUP(L89,Ingredients!$B$3:$C$44,2,FALSE) -> 0 | N89: =SUM(C89+E89+G89+I89+K89+M89) -> 0
B90: - | C90: =VLOOKUP(B90,Ingredients!$B$3:$C$44,2,FALSE) -> 0 | D90: - | E90: =VLOOKUP(D90,Ingredients!$B$3:$C$44,2,FALSE) -> 0 | F90: - | G90: =VLOOKUP(F90,Ingredients!$B$3:$C$44,2,FALSE) -> 0 | H90: - | I90: =VLOOKUP(H90,Ingredients!$B$3:$C$44,2,FALSE) -> 0 | J90: - | K90: =VLOOKUP(J90,Ingredients!$B$3:$C$44,2,FALSE) -> 0 | L90: - | M90: =VLOOKUP(L90,Ingredients!$B$3:$C$44,2,FALSE) -> 0 | N90: =SUM(C90+E90+G90+I90+K90+M90) -> 0
B91: - | C91: =VLOOKUP(B91,Ingredients!$B$3:$C$44,2,FALSE) -> 0 | D91: - | E91: =VLOOKUP(D91,Ingredients!$B$3:$C$44,2,FALSE) -> 0 | F91: - | G91: =VLOOKUP(F91,Ingredients!$B$3:$C$44,2,FALSE) -> 0 | H91: - | I91: =VLOOKUP(H91,Ingredients!$B$3:$C$44,2,FALSE) -> 0 | J91: - | K91: =VLOOKUP(J91,Ingredients!$B$3:$C$44,2,FALSE) -> 0 | L91: - | M91: =VLOOKUP(L91,Ingredients!$B$3:$C$44,2,FALSE) -> 0 | N91: =SUM(C91+E91+G91+I91+K91+M91) -> 0
B92: - | C92: =VLOOKUP(B92,Ingredients!$B$3:$C$44,2,FALSE) -> 0 | D92: - | E92: =VLOOKUP(D92,Ingredients!$B$3:$C$44,2,FALSE) -> 0 | F92: - | G92: =VLOOKUP(F92,Ingredients!$B$3:$C$44,2,FALSE) -> 0 | H92: - | I92: =VLOOKUP(H92,Ingredients!$B$3:$C$44,2,FALSE) -> 0 | J92: - | K92: =VLOOKUP(J92,Ingredients!$B$3:$C$44,2,FALSE) -> 0 | L92: - | M92: =VLOOKUP(L92,Ingredients!$B$3:$C$44,2,FALSE) -> 0 | N92: =SUM(C92+E92+G92+I92+K92+M92) -> 0
B93: - | C93: =VLOOKUP(B93,Ingredients!$B$3:$C$44,2,FALSE) -> 0 | D93: - | E93: =VLOOKUP(D93,Ingredients!$B$3:$C$44,2,FALSE) -> 0 | F93: - | G93: =VLOOKUP(F93,Ingredients!$B$3:$C$44,2,FALSE) -> 0 | H93: - | I93: =VLOOKUP(H93,Ingredients!$B$3:$C$44,2,FALSE) -> 0 | J93: - | K93: =VLOOKUP(J93,Ingredients!$B$3:$C$44,2,FALSE) -> 0 | L93: - | M93: =VLOOKUP(L93,Ingredients!$B$3:$C$44,2,FALSE) -> 0 | N93: =SUM(C93+E93+G93+I93+K93+M93) -> 0
B94: - | C94: =VLOOKUP(B94,Ingredients!$B$3:$C$44,2,FALSE) -> 0 | D94: - | E94: =VLOOKUP(D94,Ingredients!$B$3:$C$44,2,FALSE) -> 0 | F94: - | G94: =VLOOKUP(F94,Ingredients!$B$3:$C$44,2,FALSE) -> 0 | H94: - | I94: =VLOOKUP(H94,Ingredients!$B$3:$C$44,2,FALSE) -> 0 | J94: - | K94: =VLOOKUP(J94,Ingredients!$B$3:$C$44,2,FALSE) -> 0 | L94: - | M94: =VLOOKUP(L94,Ingredients!$B$3:$C$44,2,FALSE) -> 0 | N94: =SUM(C94+E94+G94+I94+K94+M94) -> 0
B95: - | C95: =VLOOKUP(B95,Ingredients!$B$3:$C$44,2,FALSE) -> 0 | D95: - | E95: =VLOOKUP(D95,Ingredients!$B$3:$C$44,2,FALSE) -> 0 | F95: - | G95: =VLOOKUP(F95,Ingredients!$B$3:$C$44,2,FALSE) -> 0 | H95: - | I95: =VLOOKUP(H95,Ingredients!$B$3:$C$44,2,FALSE) -> 0 | J95: - | K95: =VLOOKUP(J95,Ingredients!$B$3:$C$44,2,FALSE) -> 0 | L95: - | M95: =VLOOKUP(L95,Ingredients!$B$3:$C$44,2,FALSE) -> 0 | N95: =SUM(C95+E95+G95+I95+K95+M95) -> 0
B96: - | C96: =VLOOKUP(B96,Ingredients!$B$3:$C$44,2,FALSE) -> 0 | D96: - | E96: =VLOOKUP(D96,Ingredients!$B$3:$C$44,2,FALSE) -> 0 | F96: - | G96: =VLOOKUP(F96,Ingredients!$B$3:$C$44,2,FALSE) -> 0 | H96: - | I96: =VLOOKUP(H96,Ingredients!$B$3:$C$44,2,FALSE) -> 0 | J96: - | K96: =VLOOKUP(J96,Ingredients!$B$3:$C$44,2,FALSE) -> 0 | L96: - | M96: =VLOOKUP(L96,Ingredients!$B$3:$C$44,2,FALSE) -> 0 | N96: =SUM(C96+E96+G96+I96+K96+M96) -> 0
B97: - | C97: =VLOOKUP(B97,Ingredients!$B$3:$C$44,2,FALSE) -> 0 | D97: - | E97: =VLOOKUP(D97,Ingredients!$B$3:$C$44,2,FALSE) -> 0 | F97: - | G97: =VLOOKUP(F97,Ingredients!$B$3:$C$44,2,FALSE) -> 0 | H97: - | I97: =VLOOKUP(H97,Ingredients!$B$3:$C$44,2,FALSE) -> 0 | J97: - | K97: =VLOOKUP(J97,Ingredients!$B$3:$C$44,2,FALSE) -> 0 | L97: - | M97: =VLOOKUP(L97,Ingredients!$B$3:$C$44,2,FALSE) -> 0 | N97: =SUM(C97+E97+G97+I97+K97+M97) -> 0
... B107: - | C107: =VLOOKUP(B107,Ingredients!$B$3:$C$44,2,FALSE) -> 0 | D107: - | E107: =VLOOKUP(D107,Ingredients!$B$3:$C$44,2,FALSE) -> 0 | F107: - | G107: =VLOOKUP(F107,Ingredients!$B$3:$C$44,2,FALSE) -> 0 | H107: - | I107: =VLOOKUP(H107,Ingredients!$B$3:$C$44,2,FALSE) -> 0 | J107: - | K107: =VLOOKUP(J107,Ingredients!$B$3:$C$44,2,FALSE) -> 0 | L107: - | M107: =VLOOKUP(L107,Ingredients!$B$3:$C$44,2,FALSE) -> 0 | N107: =SUM(C107+E107+G107+I107+K107+M107) -> 0

Sheet Copie de Recettes
A1: Beignet de calamar | B1: Oeuf | C1: =VLOOKUP(B1,Ingredients!$B$3:$C$44,2,FALSE) -> 5 | D1: Farine | E1: =VLOOKUP(D1,Ingredients!$B$3:$C$44,2,FALSE) -> 5 | F1: Lait | G1: =VLOOKUP(F1,Ingredients!$B$3:$C$44,2,FALSE) -> 5 | H1: Calamar | I1: =VLOOKUP(H1,Ingredients!$B$3:$C$44,2,FALSE) -> 5 | J1: - | K1: =VLOOKUP(J1,Ingredients!$B$3:$C$44,2,FALSE) -> 0 | L1: - | M1: =VLOOKUP(L1,Ingredients!$B$3:$C$44,2,FALSE) -> 0 | N1: =SUM(C1+E1+G1+I1+K1+M1) -> 20
A2: Boîte de nuggets | B2: Cuisse de volaille | C2: =VLOOKUP(B2,Ingredients!$B$3:$C$44,2,FALSE) -> 8 | D2: Farine | E2: =VLOOKUP(D2,Ingredients!$B$3:$C$44,2,FALSE) -> 5 | F2: Oeuf | G2: =VLOOKUP(F2,Ingredients!$B$3:$C$44,2,FALSE) -> 5 | H2: - | I2: =VLOOKUP(H2,Ingredients!$B$3:$C$44,2,FALSE) -> 0 | J2: - | K2: =VLOOKUP(J2,Ingredients!$B$3:$C$44,2,FALSE) -> 0 | L2: - | M2: =VLOOKUP(L2,Ingredients!$B$3:$C$44,2,FALSE) -> 0 | N2: =SUM(C2+E2+G2+I2+K2+M2) -> 18
A3: Brochette de poulet | B3: Cuisse de volaille | C3: =VLOOKUP(B3,Ingredients!$B$3:$C$44,2,FALSE) -> 8 | D3: Oignon | E3: =VLOOKUP(D3,Ingredients!$B$3:$C$44,2,FALSE) -> 5 | F3: Tomate | G3: =VLOOKUP(F3,Ingredients!$B$3:$C$44,2,FALSE) -> 5 | H3: - | I3: =VLOOKUP(H3,Ingredients!$B$3:$C$44,2,FALSE) -> 0 | J3: - | K3: =VLOOKUP(J3,Ingredients!$B$3:$C$44,2,FALSE) -> 0 | L3: - | M3: =VLOOKUP(L3,Ingredients!$B$3:$C$44,2,FALSE) -> 0 | N3: =SUM(C3+E3+G3+I3+K3+M3) -> 18
A4: Bucket de poulet | B4: Cuisse de volaille | C4: =VLOOKUP(B4,Ingredients!$B$3:$C$44,2,FALSE) -> 8 | D4: Farine | E4: =VLOOKUP(D4,Ingredients!$B$3:$C$44,2,FALSE) -> 5 | F4: Lait | G4: =VLOOKUP(F4,Ingredients!$B$3:$C$44,2,FALSE) -> 5 | H4: Oeuf | I4: =VLOOKUP(H4,Ingredients!$B$3:$C$44,2,FALSE) -> 5 | J4: - | K4: =VLOOKUP(J4,Ingredients!$B$3:$C$44,2,FALSE) -> 0 | L4: - | M4: =VLOOKUP(L4,Ingredients!$B$3:$C$44,2,FALSE) -> 0 | N4: =SUM(C4+E4+G4+I4+K4+M4) -> 23
A5: Cake au saumon | B5: Saumon | C5: =VLOOKUP(B5,Ingredients!$B$3:$C$44,2,FALSE) -> 5 | D5: Oeuf | E5: =VLOOKUP(D5,Ingredients!$B$3:$C$44,2,FALSE) -> 5 | F5: Farine | G5: =VLOOKUP(F5,Ingredients!$B$3:$C$44,2,FALSE) -> 5 | H5: Lait | I5: =VLOOKUP(H5,Ingredients!$B$3:$C$44,2,FALSE) -> 5 | J5: Fromage | K5: =VLOOKUP(J5,Ingredients!$B$3:$C$44,2,FALSE) -> 5 | L5: - | M5: =VLOOKUP(L5,Ingredients!$B$3:$C$44,2,FALSE) -> 0 | N5: =SUM(C5+E5+G5+I5+K5+M5) -> 25
A6: Calamar farcie | B6: Calamar | C6: =VLOOKUP(B6,Ingredients!$B$3:$C$44,2,FALSE) -> 5 | D6: Oignon | E6: =VLOOKUP(D6,Ingredients!$B$3:$C$44,2,FALSE) -> 5 | F6: Tomate | G6: =VLOOKUP(F6,Ingredients!$B$3:$C$44,2,FALSE) -> 5 | H6: Oeuf | I6: =VLOOKUP(H6,Ingredients!$B$3:$C$44,2,FALSE) -> 5 | J6: - | K6: =VLOOKUP(J6,Ingredients!$B$3:$C$44,2,FALSE) -> 0 | L6: - | M6: =VLOOKUP(L6,Ingredients!$B$3:$C$44,2,FALSE) -> 0 | N6: =SUM(C6+E6+G6+I6+K6+M6) -> 20
A7: Chocolat Chaud | B7: Lait | C7: =VLOOKUP(B7,Ingredients!$B$3:$C$44,2,FALSE) -> 5 | D7: Chocolat | E7: =VLOOKUP(D7,Ingredients!$B$3:$C$44,2,FALSE) -> 11 | F7: - | G7: =VLOOKUP(F7,Ingredients!$B$3:$C$44,2,FALSE) -> 0 | H7: - | I7: =VLOOKUP(H7,Ingredients!$B$3:$C$44,2,FALSE) -> 0 | J7: - | K7: =VLOOKUP(J7,Ingredients!$B$3:$C$44,2,FALSE) -> 0 | L7: - | M7: =VLOOKUP(L7,Ingredients!$B$3:$C$44,2,FALSE) -> 0 | N7: =SUM(C7+E7+G7+I7+K7+M7) -> 16
A8: Cookies | B8: Chocolat | C8: =VLOOKUP(B8,Ingredients!$B$3:$C$44,2,FALSE) -> 11 | D8: Farine | E8: =VLOOKUP(D8,Ingredients!$B$3:$C$44,2,FALSE) -> 5 | F8: Oeuf | G8: =VLOOKUP(F8,Ingredients!$B$3:$C$44,2,FALSE) -> 5 | H8: - | I8: =VLOOKUP(H8,Ingredients!$B$3:$C$44,2,FALSE) -> 0 | J8: - | K8: =VLOOKUP(J8,Ingredients!$B$3:$C$44,2,FALSE) -> 0 | L8: - | M8: =VLOOKUP(L8,Ingredients!$B$3:$C$44,2,FALSE) -> 0 | N8: =SUM(C8+E8+G8+I8+K8+M8) -> 21
A9: Côtes de porc légumes | B9: Côte de porc | C9: =VLOOKUP(B9,Ingredients!$B$3:$C$44,2,FALSE) -> 8 | D9: Haricot | E9: =VLOOKUP(D9,Ingredients!$B$3:$C$44,2,FALSE) -> 5 | F9: Pomme de Terre | G9: =VLOOKUP(F9,Ingredients!$B$3:$C$44,2,FALSE) -> 5 | H9: - | I9: =VLOOKUP(H9,Ingredients!$B$3:$C$44,2,FALSE) -> 0 | J9: - | K9: =VLOOKUP(J9,Ingredients!$B$3:$C$44,2,FALSE) -> 0 | L9: - | M9: =VLOOKUP(L9,Ingredients!$B$3:$C$44,2,FALSE) -> 0 | N9: =SUM(C9+E9+G9+I9+K9+M9) -> 18
A10: Couscous | B10: Saucisse de porc | C10: =VLOOKUP(B10,Ingredients!$B$3:$C$44,2,FALSE) -> 10 | D10: Tomate | E10: =VLOOKUP(D10,Ingredients!$B$3:$C$44,2,FALSE) -> 5 | F10: Cuisse de volaille | G10: =VLOOKUP(F10,Ingredients!$B$3:$C$44,2,FALSE) -> 8 | H10: Semoule | I10: =VLOOKUP(H10,Ingredients!$B$3:$C$44,2,FALSE) -> 10 | J10: - | K10: =VLOOKUP(J10,Ingredients!$B$3:$C$44,2,FALSE) -> 0 | L10: - | M10: =VLOOKUP(L10,Ingredients!$B$3:$C$44,2,FALSE) -> 0 | N10: =SUM(C10+E10+G10+I10+K10+M10) -> 33
A11: Crêpe | B11: Farine | C11: =VLOOKUP(B11,Ingredients!$B$3:$C$44,2,FALSE) -> 5 | D11: Lait | E11: =VLOOKUP(D11,Ingredients!$B$3:$C$44,2,FALSE) -> 5 | F11: Sucre | G11: =VLOOKUP(F11,Ingredients!$B$3:$C$44,2,FALSE) -> 7 | H11: - | I11: =VLOOKUP(H11,Ingredients!$B$3:$C$44,2,FALSE) -> 0 | J11: - | K11: =VLOOKUP(J11,Ingredients!$B$3:$C$44,2,FALSE) -> 0 | L11: - | M11: =VLOOKUP(L11,Ingredients!$B$3:$C$44,2,FALSE) -> 0 | N11: =SUM(C11+E11+G11+I11+K11+M11) -> 17
A12: Croque-Monsieur | B12: Pain | C12: =VLOOKUP(B12,Ingredients!$B$3:$C$44,2,FALSE) -> 6 | D12: Côte de porc | E12: =VLOOKUP(D12,Ingredients!$B$3:$C$44,2,FALSE) -> 8 | F12: Beurre | G12: =VLOOKUP(F12,Ingredients!$B$3:$C$44,2,FALSE) -> 10 | H12: Fromage | I12: =VLOOKUP(H12,Ingredients!$B$3:$C$44,2,FALSE) -> 5 | J12: - | K12: =VLOOKUP(J12,Ingredients!$B$3:$C$44,2,FALSE) -> 0 | L12: - | M12: =VLOOKUP(L12,Ingredients!$B$3:$C$44,2,FALSE) -> 0 | N12: =SUM(C12+E12+G12+I12+K12+M12) -> 29
... A74: Tartine de confiture de fraise | B74: Pain | C74: =VLOOKUP(B74,Ingredients!$B$3:$C$44,2,FALSE) -> 6 | D74: Beurre | E74: =VLOOKUP(D74,Ingredients!$B$3:$C$44,2,FALSE) -> 10 | F74: Fraise | G74: =VLOOKUP(F74,Ingredients!$B$3:$C$44,2,FALSE) -> 5 | H74: - | I74: =VLOOKUP(H74,Ingredients!$B$3:$C$44,2,FALSE) -> 0 | J74: - | K74: =VLOOKUP(J74,Ingredients!$B$3:$C$44,2,FALSE) -> 0 | L74: - | M74: =VLOOKUP(L74,Ingredients!$B$3:$C$44,2,FALSE) -> 0 | N74: =SUM(C74+E74+G74+I74+K74+M74) -> 21
